"HolderAddress","Balance","PendingBalanceUpdate"
"0x000b63b41f2f25487369ca3b3ef714800b9065d1","3165.1028","No"
"0x0070e9431594fd23a8a66841ea61232910a941ec","570.760836796057","No"
"0x00ebf02785e67e2ca338f67c933f3f10f77c98b0","9.0737069","No"
"0x00f3fb9d81506fe69f504fa12325d1559280d635","0.613351250726337","No"
"0x0199157cd68281e69bd5999a58a5d705d8492448","22.2033845812008","No"
"0x01ce2e6fe1b01ef659735ac628b48d3774804c92","10.0816712686022","No"
"0x02195cf327a93c2e0adfcea539a379cdce9eaf56","1007.32938289","No"
"0x029a9182816ce52a36fd90a2f28ac55176fdc02f","2.13078291175858","No"
"0x0307062e4021a45c85ec00334cf6e280601cbbfc","3105.85411517","No"
"0x036db579ca9a04fa676cefac9db6f83ab7fbaad7","8159438.90487887","No"
"0x042c4aef436e40e2201ac74c9a5605ace0b82093","3E-18","No"
"0x0432c3c6785445b6f61d05ac6fe5aef7cd6b91ac","32.71502802","No"
"0x044698cbce69563d71db4ace765de94b8ade3bcf","1183.25685613","No"
"0x04809fc29f80b3a5f0f2a60e16d84dcf5d26b0af","76.3987178400011","No"
"0x04a4e4f869dd5cc20ff4756b0b228cf6a1070ea0","2066.499","No"
"0x04b5fdd6b783dfc763b9c778f3c75e18776ac159","1119.6901619105","No"
"0x04cbd89e886553dd63bab80ad5f6f65b22c661b0","4.79000483048928","No"
"0x04ea3009e3887b16e033c4db9a28764c23fb4de3","999.99999616","No"
"0x04f004eb2431e8f79fe0c671c807ecb2f5cc71ff","3.46776806","No"
"0x05bfa22cde07fcc24d004dcd79d14f88bab5fd2a","3091.22025853","No"
"0x05eb0dbde8cfb8df92f7606b1f0e8a351734dcbb","58.088561104","No"
"0x064e4f7ba74110826480655a447c290e80d92999","219.91202642","No"
"0x068ac7b17237fde4f48d89d9a6ca70a18069f5b7","1826.35051506","No"
"0x06a245df80965356267ebbeac92361bacd339e4a","0.15689796122759","No"
"0x06dce8f17b2b299a505a6f85ab2f589c17454c33","39.7591663400022","No"
"0x070dd1fc64589ebd66efdd1ecefecc50c460a14a","10.088002603","No"
"0x0754fa805173205bcc1d15e8b2535ecdaf0997b1","8689.50047674","No"
"0x077acf07b7b4276b81d30f18b67441c56ee0aa61","221.560378560673","No"
"0x079d5e76fea79cec26b41f11456b43003151ff73","183.145496887999","No"
"0x07cce0db1d31208d48a3dbd955eb52db0ed8a8ef","4021.62097188","No"
"0x07d4c87ffe4d4b73cc0536b191a5f8d7fbc9c4e5","1303.87350811","No"
"0x082428c41505728893ae07f757fe3708fe102a72","136.27189263","No"
"0x084514c7d70c1945392a7a77c57a28f4028a4937","2585.90713785","No"
"0x08e554f973e44d8a5a1f8d316064fbb0a0658f09","121.811955434079","No"
"0x08eb466eaf73024bbd3201c057fed937b3e6daee","55.6433699533999","No"
"0x091323f6ac2582efb9a38b9bdc5e884a5ee575f7","0.62715202000008","No"
"0x091464500b76dd1e8a95d212c9cfa62b380640b8","3004.7255873","No"
"0x099fb94b402fac3141c3adc4d3f0442c301d5650","4678.29747856","No"
"0x09dfa1f30e7c2d916c05cf9ae23f604e9f8691ff","17.3580110662","No"
"0x0a33c4031ef4e347efc7d50964b93960b0808a1f","21.3400000000001","No"
"0x0a780dd946f1157adac6d6a89ca8e6d1bdc1acf5","1457.99992478","No"
"0x0b1c8d5129bf87efb2d23255465d61a1c7491e98","149.13876596","No"
"0x0b88799c3204db0f7dc28857648c6e27e89bf6d5","70.1558324363","No"
"0x0bd057b8c760133ba7ebd18cda190b4770959278","86","No"
"0x0c8e1a5369c54f29e5f738045e23bb908b45bacc","1217.049","No"
"0x0da8978aeb0d73caf45cd0344fd4626615b75378","7159.2452353","No"
"0x0dffd3fd0949619e4696094c22662ab6a6836d6b","1.23156387","No"
"0x0e8e7e1cb1f2e9027cbe9e3081bf41c616701635","11.76004735","No"
"0x0effe74016b11061234523c350a9206004d4e6c9","1306.33496643","No"
"0x0f0e5f9184afd3cfabd7bab5a591b579a54800e2","1.78959468","No"
"0x0f1eca572b8b03d6c6a9a35d670b6ba6fde42454","84.5233693099997","No"
"0x0fe230960c671245f38550a1acb1bbca00f76191","20","No"
"0x100970460cfc5f1cff8c869f44d348325f53b3f7","2184.98944119","No"
"0x1020d4f5fa7afdf08a5089cadaaa18d9baea586f","37.1992054169","No"
"0x104f9d720e3bff70fc1417a301c85c2ea27cda49","1158.77150732","No"
"0x10b385eb6c517943da02e58a76c97b5a16e1c31d","11230.2211975707","No"
"0x10c17be7b6d3e1f424111c8bddf221c9557728b0","5.23742870789988","No"
"0x110d22ff3fb91373c58c393c645666b6dd2e8989","27302.4082","No"
"0x11cc3506b8f72ba4953cd5af962dd3f85e135338","29.5","No"
"0x11ededebf63bef0ea2d2d071bdf88f71543ec6fb","239.847976076943","No"
"0x12377a95ed8c273a6335544122beba9177faa116","9.94344774564558","No"
"0x123e0b16ab322b9a718d654ad1e6b35f690dc77f","124.85189716","No"
"0x12ab59eea1d3c01cae8473eb941d13d8a007eb67","220","No"
"0x13390d4945dfe6639e734f7d0bb725c439b06c24","730","No"
"0x135248f486dd56ccae8b0278a637acdd0ae1fbd4","2129.32415536","No"
"0x1397160f0a0a9195474dafa4fa15871968c8c3e3","1.45538153099036","No"
"0x13d65171f0857b255895f3fd72aa74adc1f78400","1010","No"
"0x13fb389675d6700b713431d4f52c7754ad3ebef3","3937.92257616","No"
"0x14699e3ac011c33dfcc262f626cb9a358cfd60b2","1.288492624","No"
"0x149f4cdb004b4867bb541203e4e4d90c4ddef4a0","1375.70993706","No"
"0x14a63f93952f6d86317dbdd4987704b26ecbfba1","11162.20154846","No"
"0x14c1f1129cbb3de466a234530d27877bc1b05452","36.64643944","No"
"0x154ebd645226c2718993fd6995d6f00bbd50eba0","9441.89571212227","No"
"0x15a7a77d7ad588dc69170b6dd983d91701e1600f","2525.87269382","No"
"0x15b5091ea056cf7786267db3864fb4be08f0ca75","4.56356537950001","No"
"0x15fa3ed03b63c6a63e67ad5cc6e2af525eb9ade4","82.4799051199997","No"
"0x161a75b20c2aec4279ca91a5a8f58cfbb353f0ad","71.8885161610998","No"
"0x166e7ac3e0f5e0a187c9b4ecbc7680b3b4430237","264.548992373585","No"
"0x17ab15791d7ec515e540389651553899d75599c1","8.68531482","No"
"0x17ff3e86b4d71736f427622f8f1b2b6009f1724b","10617.9787","No"
"0x181c4681a8d478647c77573b9611ebac93723735","81.9113295807046","No"
"0x184d3eb8019f531424df21fa6e24e63b48532058","1178.81692937","No"
"0x18591d17e122aa229e369101bd7656f35b185ea3","5000","No"
"0x189a291eef449ee750c421d18fd195ced8d237ca","1298.65376495","No"
"0x193023cf5000e8dccb5d12e0840b235d1d905e49","40.53434866","No"
"0x1958e7cee423098ec6f04484b0663f233a3b67a9","14.7183424151995","No"
"0x19dff847b0a463c780f222039cda42753be835ed","1821.83779295","No"
"0x1a4efa7d7d690a1811375bf1dc8a70cbe2adc59b","3560.03630669","No"
"0x1a512622b90d6b030470b5e29948da3f031b1675","426.079739692136","No"
"0x1ad0d2f68428cbf5ad3ffc00fd9cd6196217895f","2.12584875000018","No"
"0x1ae226c738c2ed31cfe0c74954a40cf9452f633b","1015.3635592","No"
"0x1b0fa16d926d8e09c5d871501839df8dfa7ef3ea","29.5710925318773","No"
"0x1b412e5aaf435b41f1143c1b39b71af1cd634da5","17.4487546000001","No"
"0x1b49308e1eddb0a07aeb4ccad06c72205d9ca244","1254.06","No"
"0x1c7a210812519708492ab7cca63a4f2a13443666","19102.05","No"
"0x1d09fd03bfd1e63a6783cf18403520321d2d659e","1063.56474619","No"
"0x1d2f9bd19a4f65e73657fa2f36312dcd58a2d2cc","5788.21979794","No"
"0x1d683901ae51a98ed7ac0a9d5091d4217dee7d43","1162.20018985","No"
"0x1d935113f9be35e80fae6abf9bb912b0122bc225","0.116567430312411","No"
"0x1d992b5c8af2cdd3572d42684fd8c4e2df204a3a","0.0189885938971797","No"
"0x1daf118dd846e7205976196865ae516a344e2aa6","5855.76908529","No"
"0x1dc951a0e4c7b6c7a1c58f046f7f1fe993189cb7","7425.25","No"
"0x1e007e31388243f1bd86a23cdf0c6681eff5fe88","3659.75523243","No"
"0x1e3e7f82aca9814f201b4bd63fea663023b45061","218.714808746327","No"
"0x1e53db303f24e4a53640f4d6bbe4225a59fb7d5e","55056.1492280679","No"
"0x1e7933a6efec99b17de3ae5c0b90a14d47ae9549","4147.69401058","No"
"0x1eb35a526987d42f7125a22ceeb0e1666c295cb6","154.83","No"
"0x1f3136d8d6aab1e5da19e279b2eaad56211e1b7a","2821.12174520638","No"
"0x1f5fcca8d3f6a963516377690c7da42302283e64","2","No"
"0x1fbf1bfa4261c6c5bda70dd02f2ed141727faf02","94.9861428971","No"
"0x209cfe5294d8b75d7a78eb6c3d93e29d69ed297b","6.03693652801147","No"
"0x215a77e06ae29170bdffafa16cab119b1c27e380","149.907202412414","No"
"0x220f4087a5dc886cb16a288583d6fb727a103fe8","6543.4321699","No"
"0x2221b39aa811364d1721abfa49adc205d77b0d28","1133.69543877","No"
"0x22346f202677a2fb78c79046843440137510b6d7","42.6623000000007","No"
"0x223b0371d145ea42c83bfec0fa8c2d4d14081cd7","1.12345678","No"
"0x228fdccde6b5a90360932a5b53595f79e7f3e7e6","17.8308708160039","No"
"0x2309f2cd87b9bb33ba20ae75a0ee4c1e89849872","71.8204407262","No"
"0x23b7695dbdb922669c817e1f210f1a193c4f2fbe","2310.63088469","No"
"0x242f0e4de682d87f0f925fa609ee8e85be39a62b","24.7479669512044","No"
"0x24b6b6cae71da34dfcbca1e4970d47cb6c30a8a8","10306.10929025","No"
"0x24d844163413338d06f2c451d7de31cd9f3faa9d","26.7451320082931","No"
"0x2511c2a4c01de238bc1d3a3ba20e7499718fe802","1314.48216643","No"
"0x251905d768aff6200bfd8ccefd5d86314de4ef4e","211","No"
"0x2531883f0bd3f13e2603a2a6f5909936a411d197","1005","No"
"0x25a1b92431f3d8dd1776ed568a9f57bca17f3bbe","1168.03521470396","No"
"0x25df70b46eebd8685f455c5158b79a07ebbdb840","8","No"
"0x25f25a4e0c6f283fe6aab069ad8c97d623ac0599","3479.53832505","No"
"0x263679804260549e65a5660565d222adcc4eec01","3137.27","No"
"0x268d09e1d5bf00b66fe2ced19a2e0a9c27fa7a1e","93.20710674","No"
"0x26b22e44d998988433ac3a4992210175343ca91e","39.03787528","No"
"0x26dc7680eedf5ff8c7f273ea898e29362612a3bb","8230.50290089101","No"
"0x27e9e89bcc4b32ca0b0b9ccc84beb74ac9c4824b","641.02988987","No"
"0x280605761f4e1d93a78063d471ac23a5a557cd24","6309.85","No"
"0x288efb8524854da951961471fea4f8becb958b94","58.1029701629997","No"
"0x28eb18aca206672bc619574b3eec7d15ea1d6fa5","100","No"
"0x291e6930d2ed9f23c50ae5fa509cdd45865ecc63","68.2499281800001","No"
"0x294c24fc3ea855481ff3d6ae735878194b8311c7","1160.66488979","No"
"0x29a6ab6572e316a4505f5d1b15f89d2195dc8dd8","487.08897728","No"
"0x2a46959dd01e65132c73bdbad01d3b78bd213231","3E-18","No"
"0x2a603069ad0adb50d0565e96519c3a87ef71c0de","44.1213118388003","No"
"0x2a8d8faf8f162d493e54f8b6f3722a2bf9fcb80c","69.1377473419999","No"
"0x2b04396dcd6b84250ee63efe44f154a92be9a67f","2136.45461655","No"
"0x2b6ac04e1f3e50bd349ef74966bf67e302516388","7.89391938652828","No"
"0x2b949ccf2bf44b695b7a8d8c21e9a3eac15d9e9c","60.55477519","No"
"0x2bff66ba1dc13e88ac4b60277d0cf34821bd5440","12250.0559","No"
"0x2c6c256044975979d64326378029a10ce805bc98","54.65812773","No"
"0x2cb4755383488ab5300970fc92a5fd8521c14b49","2","No"
"0x2ce6be9b2d897a552fbc9862c932e937d1444e22","1130.86717476","No"
"0x2d338847e3a32d7ef9bee0ec4ee85a5766596bdd","93.0177084369012","No"
"0x2d37806feace2f7d2fcbde1fb99f5a6bd8b9e458","2.99991326650724","No"
"0x2d6c6bec9221c4746328312d73d2dbbc11ea603a","57.92961435","No"
"0x2e28eb0891ab630fbac8d063a0482be5aeafd778","99.9555099999999","No"
"0x2e45d9ccfb559a7bf5470953017694bb735275f8","300","No"
"0x2e54197c83878c480875112bbfff3310d640510f","33.37696244","No"
"0x2e9b7664edacc037b921d51620a29c2c175544de","102.707960995","No"
"0x2ea015063db45f4834c81f50a1ab535e3642fa45","4948.868","No"
"0x2eb3191f751bc738b944c2e8b1687dd326b38d04","63.5775547200001","No"
"0x2f03f45bbe522a365627540c15590225b8b74d9c","14.375308748","No"
"0x2f2ff2a22c8c122792864c897951329f1cbf9eb0","2538.33948789688","No"
"0x2fc1c4825fb91d87be5fd2e7282121e4414db14e","7389.42993114","No"
"0x3023fdfd06d2b6273b6b84a3efe0145a522b6565","61.52","No"
"0x3033d2b52eef692ff67d0d4de5f2438397f504b9","1300.33962673","No"
"0x308cca6f4a21c48780fd30b5a8f1b99e88aaf636","2620.39364587","No"
"0x3198e0f8224f7637981dfde55a81853058ef4ff6","1041.21760608","No"
"0x31a0f083e7819c4ed6466e32b37f6bb96eadb779","8837.66292384","No"
"0x31f0014129628749953460944e1cf2f0412f6208","1274.15","No"
"0x31faf7557e94e4e68c59e750c660f141b1eaaa71","3812.859337","No"
"0x325a30c79cf31204914b282ab97b8f35d76dbd7c","688.298180259332","No"
"0x3274288352617a662f0190239ce6e8d28109d7fb","122.43595555","No"
"0x327f96079a586f063254515e1483ab1f17521169","3699.53667981","No"
"0x328206a6e6556b7f82b30d7f8d96ffc31fe37338","1269.5119992162","No"
"0x32c5a00c779d26a42fb816eaa7a12f4977ac7920","92.8063235738139","No"
"0x32d7276e75c38acacd063034f85340f09babb98e","90.0000000000005","No"
"0x33bce089fe203a059696d2b87f4f844aa31f26bf","30.2948326399992","No"
"0x3473b35db3dabd03eeeb1045311fbc2e356d2393","102.5","No"
"0x35376bb65878a19f6b1a8882e688674a4da6e3a7","639.478456572486","No"
"0x355921a4727fca04ca459df63365308d6884efbd","20078.27174524","No"
"0x3596c78a198d3dfe6da7122679c71d1607b7e0b9","21.9875960846976","No"
"0x35987d2955fc507ad56b01c7f2c03998d0f2b04a","7.54498262919812","No"
"0x35b8b6b334a4a567892a28d2c03d2457cec48542","414.081693624987","No"
"0x35bbe15d02b9aa0c2201fb318656a32555fcd621","7033.4909362","No"
"0x35de8b6f4dcf4515d3370b09e7a7682bedb8dfa5","35.0783776475255","No"
"0x35f99ef1601e44aec2edba4acdb10a95ac5186c5","65.5199999999948","No"
"0x3683cb97c0bb35d905037ac2a2d0e42c7915226e","990","No"
"0x36ea21b1284cdde2c9fca81b6beb29872f8c59a5","1541.12345678","No"
"0x37111c8134284222b8ed96fa6f9b790f9d538baa","129.859","No"
"0x37209c5c2dd89ecde706528bf72fda6acf9e92d3","1299.34976495","No"
"0x3759d2174480adc0b7a62b2359c45fa409deee5d","25.9659422485817","No"
"0x376df0377adc17458a570460fc1baab734d239a7","999.35205469","No"
"0x37cfc8be3892568f5c729fc129441fb2ae860571","0.0001","No"
"0x37d44e824926fb027fc6fadcf02bd56b29e0bf12","64.6792941837","No"
"0x37e53a61ddf8ddf905ce51ac91b76df6a75c4b5f","10841.70546494","No"
"0x38966cc55f9854a8c6ff43d2a227355bab09e686","205.3","No"
"0x38bfcdfcfa17c7b0db8c11d225e1fad4bd22c454","3091.36150859","No"
"0x38e2c8429a21a0967d7fa35ec36fcf7a7d3a0f41","2","No"
"0x39195390712a053e5b5c4ec3bbd000c346351421","1212.25752111","No"
"0x394df22dbbd2c0b95400362ef11c2686f481baab","36.8071494526005","No"
"0x3952841ee3909603510b982f57e7826e2d84639c","10096.57999216","No"
"0x397d9c69f5088ded30f0bd6141c440f4d3353fef","7596.99999774","No"
"0x3a07cc73934b5ab939098daeab26ee638c6e7ec7","9.51696160999919","No"
"0x3a1fbea7c9c9cf9460a6466f46588f1a6984d7dc","42.55234541","No"
"0x3a28a99000418793842fc90e3ca3a4d27d233f03","1","No"
"0x3ad5d3667089175325e0b69584fe211cbc58c7bc","88.630076182","No"
"0x3adf637f4812a56c2a262fb220c051b359107a68","1372.73470523","No"
"0x3af07886011b80c45f63d31bb9b5321fe5b015c3","45.3977402940463","No"
"0x3af7cd79c6626d841f024762c0b53cf68a250f46","22.413","No"
"0x3b00796cb0c021d73ec4a5f15b1f2fe624f12c1d","4809.46352272","No"
"0x3b0d878e38d943f1736cba9ed5f3e450cf659342","2490","No"
"0x3b3578cbdc69fde60192f40a856c48b5e8d85128","11335.8748877536","No"
"0x3c4603e9af54f59d6ca0b16de605792a9bc02305","9210.74555639","No"
"0x3c4cb37219bcd1ca9ba1a8ffde56397b51e2a37b","10","No"
"0x3cb3bf729b9b0f757147e97af5877c22744f8985","59.49229819","No"
"0x3cd11dc4067791e216b342944f5a68cb05b2d95a","1550.6710856","No"
"0x3d2a2ce7dd0d2b62f95baa216b9d5cbe7ec11553","1420.16","No"
"0x3d2f9bb73f6a5d01349bc799cea454ce58011659","6786.97722605","No"
"0x3d7da5e466ef6fdc4dba53aa09e856faf125a0cf","1452.9770969494","No"
"0x3daaa3261345469243616dd6a0111c42b6e13ee4","100","No"
"0x3e108b06dc06d017c8f1e8443a47710467a2a18c","688.61647656","No"
"0x3e732ea74c727a93ff818cb02358fecf637a525a","63.92","No"
"0x3ea48ac11968573a78e9e316f916a7b7ded194da","17808.27416591","No"
"0x3eb46d53990b93c87138573cc06ca0645107665b","120000","No"
"0x3ee068c99ddaa0320034f9be095c6f6a4d4ed4b7","74.6370499999989","No"
"0x3f620fbcc6eb23164144fdc511c9803c7574bb58","69.322402533","No"
"0x3f7a12cdc109d113a0a1e8d8279e51a1730f74d2","3.65999999999987","No"
"0x3f94cb971718b177fc3533baba304a28327347c3","0.821236384000328","No"
"0x3fc5c05a818c20b799f310b1f09e5aa4e6462743","1248.27672762375","No"
"0x3fce30c5ade93a481b5100b8977ed09f348d9a6d","5468.17235722","No"
"0x403958b18de00d1914538269e24ed37c12fe6b98","1400.22542786","No"
"0x404df72877ca2a66e6167d47905cb9f34f7506d4","4606","No"
"0x411dc3272686c19cbbaba3a441b25747e2352bd8","1.53709814461656","No"
"0x412e483ce96885bf50f62589146743e7e9001031","0.000738987632741197","No"
"0x418101b1e4fb273af34e6ef0d04687bb10d6cae6","71.5073797726002","No"
"0x419b42384828b90db6d83a23cba9824162cf39c4","10501.66070585","No"
"0x41ae97ba5d4512b24ee8d9327de5b4b7d142edca","1384.35936643","No"
"0x42218ce1d0823dfa51e0cd54f85062a759d21d05","72.81876889","No"
"0x4232660c8e55968639841972212474de7ead4704","12889.25343386","No"
"0x4288d1e4b2593498170c8067211f12aa0038c9a0","237975.458554477","No"
"0x42d75ef9c08a279fd37f57794fa5de44b0d55536","70.5622473900001","No"
"0x439366a1ab5caababd0b4722eac695abfe631d4e","158.872871040597","No"
"0x43ccfdd6bf22997d6a9ffa5d57fb38075e0be65b","540060.662827752","No"
"0x44139bfcc4fb92cfc08eb49bc50c48eb51bb5979","2.26896804780043","No"
"0x4473ad56d27c56ed6a83c238c3c8574cb7ab1a95","1471.26000001","No"
"0x44a2d13aec582d23d8e48de4e736c5c3c44acdb8","90.04019","No"
"0x44c44a0fad9aada34fc4faecea323d131cebac7f","10","No"
"0x44d7dcbbbd98fdb8607fe2fd37ebfae81a570d9d","8997.13689114","No"
"0x4558d4077e0c7267702436e3600fa9796e756784","45.283785299998","No"
"0x455b2e1563f845e713294dd33214a477793d5012","79.2354600000002","No"
"0x45c14b72905dd015fe6b1f9a3f415987807663d2","867.057820992356","No"
"0x45d8886137582afbc11be420d7ec80c99cdcf695","3.00000000000026","No"
"0x45f644e43bdc811caa3b3dd7a5bbadf01275908d","527","No"
"0x4647787123f0828343aa39030258bcb8d80cb06b","10","No"
"0x46a0192dea11acbd066a73f994d5147786efc817","100","No"
"0x47a9f85d6334c9cb4a406fd72b29a6f1c67e068e","12891.19612138","No"
"0x47d1f4f4341b9a16e78bfe840fd91e003ea72c9c","81.8410863246438","No"
"0x47d4d34a319c9182a07ed74d75b04c99c0b52e50","8884","No"
"0x482de6f3123469dca07229073a0dc928898a4cfe","10","No"
"0x484f20eb9b516ca2437f6b4766e3c31c2109685d","44.9248196699999","No"
"0x49048b8d71fd5f311250f027ea9aebff638f780f","251.82133761","No"
"0x4a141447263bfc3556b97bbc39ac215003231f2f","250.2000583","No"
"0x4a6827c0e5f887e477dacef5d8d0963a079fc5fc","68.7161348200001","No"
"0x4a81f59c0b1822a0145543336431a46e3632b3d5","8.06806476038486","No"
"0x4b5eb07696af5b9d8e9709841e48ed443a9e9bb5","3185.28999478","No"
"0x4ba75cc8df406215ddec960a9081911666c6235d","76037.6202744144","No"
"0x4bad8954cb3cefb4ffec380660bb15c0f737dcd8","2140.50977038","No"
"0x4bed68d3653d04404d5917e5b61fe4c429f410a1","70.1723303980004","No"
"0x4c781d026b47b213106f1bf3db806d6ec30271ab","34.0374094315828","No"
"0x4ca2d8a5628b8e1d0060e7ca7480777e6bb54751","528.605730313544","No"
"0x4d016b82b7dd982e8727319e4fa405295603258c","26.5965566913697","No"
"0x4d8697720b98c37b3bfbfd991440be71cecf3154","2.96450757187025","No"
"0x4d8cc84cf8e2a9c3b13f8c666ed40371e1414f78","1139.99291363","No"
"0x4da33cb62c79c52f2941045b22dfef01cbf82814","24.861601815999","No"
"0x4da4a236364bd9e5359bcc43a76c03deef1c307f","44.0935563000005","No"
"0x4dc422e81f6017bd9b9df9349471185d133e0093","93.0870059504309","No"
"0x4e2126b92dd3fc678f2ec2d2f2b6fc697a1ea27b","1E-18","No"
"0x4e2687f6edae16de9759348f83b4b766982a15a0","10","No"
"0x4e8452e61a712b21589ccf8b8b455c198290941c","42.7563720968","No"
"0x4e8b72790a9027cb94b79c0414f0d622d34c00ba","1005.22071947","No"
"0x4ed81ff0d38c1fcb17e99216171993d3245c40b4","21.23497687","No"
"0x4f5f2f0b8f943676ede0de758137b5a07363c335","3.07497585999977","No"
"0x4f979e912d035d9ad0abdf8c17e5b7a5a180762b","18.90880801","No"
"0x5064405cf012ebd9863711aca8cee570c9fb8877","19415.53577986","No"
"0x50d919b523a4a0a1b05268b72afebf1480599751","190","No"
"0x51149b6bb90cd780e4fa765cb7284008040a1393","101.49034234","No"
"0x51231def1f5f0e06e5662bce0ca879e8fde3bfcf","1E-18","No"
"0x5156d18839e1798ded145ee3be8abba525a979b1","62.6845102100002","No"
"0x517e43bd28657d0565371af5d6f13c2104df84fe","1501000","No"
"0x51e2bbf287e3d82b0c0f7cbc4719f67b59cd8d34","4201.46889327483","No"
"0x51e79a53f23de9113d2d97584e2d10fe1421054d","29.8397926660156","No"
"0x51f98118a9c332e3adfac4ae7a8867e48e1a5bcf","4577.05","No"
"0x520c94677ac67f7f76e482350a6527626f343986","8.491499","No"
"0x52931ce265a8c2d4a7705670d144b72cbda67579","1266.2811","No"
"0x52bbe8c145ca45b5ca816d27ac06f600ad7dfd39","6.01999974","No"
"0x534c78094e64dea29db7692718bfffe537210cf5","1652","No"
"0x53658d7b3b5e8caafac9d8324ad023992eb52202","14042.59399388","No"
"0x536c1fc0c8a974dead14b9afe2b14e8c3cf73ca2","21.129451078199","No"
"0x53b078ef2f27c92411ef8605a91fd704a69eea18","470.72747242646","No"
"0x53d0a862dda5d221a2afd408c883b04e97c9dd9e","8164.15824978","No"
"0x53f841db6faea1efe17ec25d9294f717c5c3c759","1354.08624621","No"
"0x542066438ab9f7676f483913f2b6cfed5dd9d77e","0.356109929500014","No"
"0x545ffd87c74bbb77b5093fb1fdc8a4be279a8e14","4528.2090328","No"
"0x547880e5bee0e7822b12b3318d0792d792e4b7b7","14.1704509958","No"
"0x549d3d1de0aaaabfe0df727067917d1c3fcb48d1","79.5465835691988","No"
"0x54a168e158f83c94205c8cf1ddf1c1aefd2b2ac5","8.5156290000008","No"
"0x54aa07dfe8e306c250a0d2ce669bf922e61aa583","7.96033742","No"
"0x5575795ae2f903858e8d1311b0d3d379e1345feb","5005.493339","No"
"0x55943a1031ac870d4f7bde48375072433bc1448c","66.3514747000009","No"
"0x55961109ddcfb4282bb43c94844b75d5469918f9","1097.47","No"
"0x55d6adb84960007b5c8fe2a04d6d6d38659e154f","90.0000000000005","No"
"0x56152923c5d56f0e319eb373e406883160747f9a","11901.23033","No"
"0x5616de4b873c0076ad06eefaf13d13dff1cc8b5f","100","No"
"0x56710738a64d7ae4ee0e6fa138e7a48d34aa55d1","1021.18015776","No"
"0x56e773b0a620205e9f72265b6013b65b84c2c4af","2679.53481427","No"
"0x5753a1c6c8cb429bbb4369b0857674d1aba4b58f","7143.16627858","No"
"0x57a92281f1c9d67b18a5684dd03869498882bb0f","5","No"
"0x57b617c8ac72fb643ea0c5c0eaf658560b0791ba","5.35122175096606","No"
"0x57d02e9d5c89edf0f11102f42765757c8ec5228c","352.87524803","No"
"0x580bb2bdf12bb5dfda52a51a6a3baac95224c42c","10121.31","No"
"0x580d307a6a9b6e484bb2040a772ff51c3e0ce8e2","43.5793878400002","No"
"0x581bb854d62cd1ed5669c8ba20bd35c7108e8221","11.4577112482003","No"
"0x585f0bcb1ed0189155561a75a152f44391c0321b","8.87906975","No"
"0x5865b51f2ea8b085c1ba5d498e888bef3430d3ca","2125.9534694","No"
"0x5866dd44b85985a4fb2375c4b3b87f6508a5b775","1031.98916753","No"
"0x589f2592de85e6fa40144f0affde6317679758bb","1081.5325464","No"
"0x58eebea49b9b59f0256f383abfffe7695b478a9f","1019.65353567","No"
"0x590152f8a54857c97058b4d1f7edfab296a30f28","1216.96276814","No"
"0x590796d8ff7e21119aef66a3832d34dc69fc97dd","40.261170569","No"
"0x592116cdd64c98c4d656e492539f1a29e08f7662","18.432","No"
"0x5938880f2d32a7551431cf565e4a1ccee06c8136","79.0906017679998","No"
"0x599eb4c48fb5ab910cda9b677f0fa8ad301aca9e","37.8315839999993","No"
"0x59c870d91641b1e7779d413e11d6e5b5596be6b6","40.6781221384503","No"
"0x5a0542e07974ed34e84f2e70375587eda88ce3c6","82.4317594700001","No"
"0x5a0c29519c8728f0fb6c233620ec78fe8820e6cd","4813.33637227","No"
"0x5a58664236d1c4214dbf70dac7f0ec67c4e848a4","9.11629463999997","No"
"0x5ad1f03faace91d1d90d40bc369c446a8fbd1e7d","0.346775780000659","No"
"0x5af298312741d5ce10d44b6fbc71321ce8189df4","63.5859999999997","No"
"0x5b42d37c920a15bc9b940e913d44fa3ef67a4e6d","1005","No"
"0x5b8262e8e2c062c3f32b11769408bf6d8d99d9b6","16.4473845827526","No"
"0x5c7ba95f883dab97a36483bf7ed66651d8640069","1337","No"
"0x5cc3987f3d73a580f98b66502fd65dce2543e804","3700.66750314","No"
"0x5ce0237732df01a3164d7bf2dfdfe17d8f28d600","72.7430000000012","No"
"0x5d43bb6f9245f07a920183634e6143bdb4834d8d","25.6980000000001","No"
"0x5d7880de37d2746328c2aa5e781161c71644f3b5","257.710398228042","No"
"0x5d92e125f7cacdf7c8ad9625a80ecd657d8ffa5c","1000","No"
"0x5f0ff52df8df2c5351c47b6711c33f36c5402909","96.7790660662974","No"
"0x5f1bdcc49a9f1cb3898014e15d09a05115d1f67e","94.0835996788001","No"
"0x5f3c5a8065d778ba89d63eef8629d86c530aede3","14162.20168784","No"
"0x5f49084d497238958861cb1f0644eb42d502fa57","16.8255293314993","No"
"0x5fdd78b92c725b2cb040c764b8e5df13174a024b","4559.7779518","No"
"0x601e49c23008c94ea2d60b2d1df8eca63d8e44e1","1391.90442085","No"
"0x60ada4ce95ce9637a908e40233f2fa8780d69e57","1800.07985888","No"
"0x60b21b10db9e7e8575ee450dbcaecca3752716d9","1296.1154","No"
"0x60c16d7b2347a665fefc09c4e4a334c25721d382","10000","No"
"0x60ca9e53a8cfffa4cfaa9e347fb45b091c0e6fe5","1359.64397737","No"
"0x60d6048e41b8de3273c0951f7c1b8686baa99530","1243.91","No"
"0x60e22b88d6b146294473f567c203d6a39d12ee65","30","No"
"0x61025940dfcff8a5096a702043e55538b6f5228d","156.582446724","No"
"0x61bfdf6b5b12f939af309df223b2b57882fe7ffc","7.65657820000005","No"
"0x620a1d68d9f0c1c669eede4cd29f6fef8875a8fc","1182.96980659","No"
"0x621b27576c94765813516845f7c13e797f7262af","46.4897296089014","No"
"0x625abedef7db0b4007a5497c1c08f6df6b857433","1209.19884301","No"
"0x62cd80308b62c59ec757b5d537e93da7b49f47d7","100.940888198239","No"
"0x62d35ef107aa1b49cae2b22333ae97b0ebb0ab2b","32.10973395","No"
"0x631dee561490f1f0ee351d425f046f9cf23846e2","3803.07542452","No"
"0x632e891aeb4b9c3b1581da8c386ef0f2fb29830f","1370.73171673","No"
"0x636226f20dd4c6e91d8b87fd67344996a8c5fb30","17311.5610285004","No"
"0x637186400b12bfda0402759355dd547697d37afc","30.0000000000005","No"
"0x63a2ef4941e4f65e2f707b2e3e52ae328e2a94eb","31.3405","No"
"0x63d3a0b4e39156f8a97b17a017ef3e25d874d0ab","0.25561866519999","No"
"0x63f9838c55ce139d5bf88bee1bc3dbcb6bdd75d7","1298.29591631","No"
"0x6429db2909eb96423541a6e68df6ca0ae54d6392","1418.99999478","No"
"0x64341eed26a16cf5f73ad303cde23f9176c828f3","61.62682094","No"
"0x64f0d40a9dab3b3288782c91b168efb8531b5210","701.34524696","No"
"0x656ce3c191649be3449ca7d596020679375a704d","1161.42627015","No"
"0x6573582d47bc468895f783695b94a18c4bad74af","204.08559746","No"
"0x65c572544552454bd43e6c4d56363291cb0759b9","81.8098499500002","No"
"0x6623a0ad8771b683276afe855c8afdd3730a4183","54238.8329428513","No"
"0x66708f1632db63ea7bcc2d7615a1444d28450c53","79.7953955999997","No"
"0x66a27dbbe3e79b82c4a3fc861e3ed5ab77f8b42c","1070.11890133","No"
"0x66a890ddb9c05d14775e11579114bff3dafcb1b8","82.1971083114473","No"
"0x66f7650a6547b25ee0a8e0c1f7d5ddc2031a8453","55021.2579278715","No"
"0x6713e8e245b49b00f0d3408465d117e4ee6efaf8","2119.52095926","No"
"0x67568723f2a2e95d3722302ff2a95c25828dc887","1011","No"
"0x679b6eeae1260c5036546e2a094d0c820c27bd00","4449.45","No"
"0x67c9825f2440289ee3e78c44f9903b46a9f5e8e3","2675.41421098","No"
"0x680bb373b183ea2fd60c89fe33e1ead271822517","183.371222928984","No"
"0x6833d7b0184502b05e3c1965549c2f78a40c3ccb","29.997091646908","No"
"0x68452ab04062f8deaba37d08f8a7ba999dae09d0","3192.5057914551","No"
"0x6862c7bc19667c7b0c919080196beffd7367ddf0","1815.8152","No"
"0x6865480c812a767af8be24a0bc31f07bd2ffcc63","10968","No"
"0x687bc6ba2d52cdedc21606c00eaa8350fe618135","15.32899182","No"
"0x6886ff8bb400d387e799566ed79f0a308dddd102","2340.1","No"
"0x688f7aac14f42052905fd4a3aeb46eb201c6b0a2","0.0001","No"
"0x68c72f81af4df9abac0f2b718fdc9b6410ff507f","1E-18","No"
"0x69582311073a2a7cf176105cdd5d0ab8d52f9682","1192.64347373487","No"
"0x69b0d33b64a1f01e6ed532e6eb195cdad2ff42ce","14999.99997692","No"
"0x6a58588a7ebf77121d0978202f1f88723d51fe91","30.2457","No"
"0x6aba2f746138fdc71aec79dcd0bf21a28ccea9eb","2808.27800312789","No"
"0x6abe8d70135e4ec06d8185aba19ca8ebfbf471df","8.95847933619974","No"
"0x6af11c1406f47350735ebffd7652e73195d64183","49.259946038125","No"
"0x6b6f2c2f5eeceb8b0338163619ef41b946c5a9c1","61.1623283461","No"
"0x6bc3f9de189243af9fcc7009caa49fc1973c9915","1072.53768399","No"
"0x6bd51de8f5b762da16e48d9dc0a9061bee206836","498.148029534597","No"
"0x6bfc2cc988c513a481607777990f7799e84b1442","49.43340925","No"
"0x6c3b57545ed06e714014d1ae4b1316da6ea30722","58","No"
"0x6c94591f6866bc7b20149960aee68ba36f769a7d","115.969572160199","No"
"0x6cc40c9dcb7c23b96c14b63db40d912b085824a3","17.2695455476206","No"
"0x6cc71bf80fff01845c5e4a901127652c935ae994","228.18179431","No"
"0x6cf57a8d289abeebeefe08aef6e509dc408af4db","999.99999808","No"
"0x6cfb9d6501555d48618eeb8389282e369a81835d","6.93796275229953","No"
"0x6d28703bc569e43843018b174edd0bcd2977234a","2081.09998294","No"
"0x6d5d231b4ea7e9afbf08abdf057ace99af506c2b","8067.35865618","No"
"0x6d6a86bd009c949140ff1e7d24067c731fa329b1","63.6530720118758","No"
"0x6e184e019712933de2c53fec37b0307aa52d1d87","346.123019720714","No"
"0x6e2fce881daf8169553518f4a848581d9ef41361","199.5","No"
"0x6e4cb65c936c9d119c565bbce2475cd011fd7c92","12.8702953299997","No"
"0x6e5b1f5e400ea0d6ac820b9b07c669bff8b77b38","100.9086596415","No"
"0x6e6659cfeb5f7fe238ad0babd0ea8adb42058f0a","2.96086636207448","No"
"0x6f29cc47a16cc603cd71812d39b0b50589b0681b","1573.543879","No"
"0x6f46f3983e02c341b14d9587b2f2c1dbaa725175","18.20524965","No"
"0x6f627deb3ad3917f44b89d90ee296da1c7082b23","9.43308211079924","No"
"0x7027f7c6493bcdcf03da7c6f85af681c7035d189","10","No"
"0x7031979de2925ddf0041cec6650f08afe35e8a62","4887.1379805828","No"
"0x706c7ab545d33c3bfcca5634cf1a1e4e3e402f4f","22.32524897","No"
"0x706fd4074d2bb95fa7c92c94a06f235c45161cc8","43.616234683088","No"
"0x70dbe31832748b4dfc6323ccaee5bb6546187a7c","1198.56408894","No"
"0x713969dfd5b54176768c491989e3e16113ae7310","30253.359775754","No"
"0x713f42b5b0f890fcd30f24904927f80ef2232850","1.12345678","No"
"0x7145b0168d31b035f8e82a30a067724345930d0f","1000","No"
"0x714fa14fc5c9da28cdcda6f2c5ee10bf343a37d5","19.8240313730128","No"
"0x71b8ef85d9004339a63136205447aef801e10abc","385.53710919","No"
"0x722d6e604a9ab18a3803f4d24db53ef7071c27bb","10.32635051","No"
"0x7291c87ed2d8631479dd68878be16f3808e7d135","4.9978125","No"
"0x7328269cf3ba435a41813dca701da127682a92c1","2","No"
"0x737dfcaf93037509e5f9c4e9fc4caefc6de6d384","15881.7849559","No"
"0x73abc0575cbbf54bfecff8f7192a61ec36e7ef71","120.529130594528","No"
"0x73c012df9af4ad0702ea7ab05184910ce46dd150","2335.63664549","No"
"0x73f2a5f4242a73b1dd058da933e01f5f99163491","99.1665640108502","No"
"0x740131109e0cd9c1a0b98fca0ad4b194a782da8f","1182.291","No"
"0x746921e88a97aa1af5ef9cae31024a7270849c7d","102.26183837","No"
"0x74a28c27acf8000b02a259ee0c2896af2ee7931f","1650.09728173","No"
"0x74a7847f66b7d9a918b1caf7ad88bd134cb1ec38","28.7021438042726","No"
"0x74d581544b7acaf5026a001aaf8babe614fcf158","3389.17811233","No"
"0x74dea4df1fb1853e5412f7b82b2ffed3ba719c11","2307","No"
"0x750abf456088c5de140daebde1e5e0ffdf8c78b0","999.9999","No"
"0x757026ef3000bf6e656052251912af96d60e1079","1159.26","No"
"0x757533728944c54e6d19ad615c243f591fc26f82","67.9089735900002","No"
"0x75bd775475c97f17354211b9ad9a7b431855c78c","2167.16134964","No"
"0x75f47b29beaa2af762252e84ce65a5504a9e93cd","39.8759589476323","No"
"0x769354a23fcfea505f49705cd4085c4e69aa7ece","3.00999999999705","No"
"0x7697719c78feca1c84d173c0e5584ef8983f76bb","51.019074405759","No"
"0x76adab1d09f0b09cb514fd633fc2bcf244cb5165","25664.26799771","No"
"0x76cd25ae31d610a7a91e8d43b9ccdd4aaf969b35","119.14000001","No"
"0x76fc8c3ffdaadd4d31f0a3430baece8c289ab8e4","21225","No"
"0x7703dff06143fe18c832ee57b85a91cc7685eccb","32.7271548399995","No"
"0x772460031d2bc51b97dbf04c97bbafdd770d1f06","0.58635570018642","No"
"0x772563ab4f64c864069aa489a482f2b4e0efb3ce","24.4943815153911","No"
"0x772fb422b0b71c68523fbd72141839862034a831","5","No"
"0x77493ef6806f13d953144e82f44ccb41adedfa37","106.96761107","No"
"0x777d25b3944192ed8bbe026717eb72322b837eba","382.454313413","No"
"0x78a4d15c6b2283a36d72ebe5f2c4ac840ea55c95","3785.96352956","No"
"0x78c470f5e982b17bb9ca044c1c6a43b9c6145057","2545.96","No"
"0x78d60a7ccd14f637bc4637e4cfd71e39b38d6614","243.2841129","No"
"0x78e5769390477f0dfc82cd66eb7080356e6b51b3","101.33735188","No"
"0x794af8b373c2378ecfc2a3582a4a0ca2aae3c6de","58.2678428475665","No"
"0x7969965550d8e15e28d48cdce513b873fb7ef8f4","563.035233775934","No"
"0x798b185d125d508b91cb3b8de73c75f94fa05447","18456.76089952","No"
"0x79a6b6a4e87d48737482f2e5c2409a8dd5e6f402","5119.35643044","No"
"0x79c43206ee305e9808ec0675a15d3a4becdd13ac","1141.63195786","No"
"0x79de77f5c305456f8023e1b41341aa0848608551","5318.77330855","No"
"0x79e0f7322c707d728fc6c17271c88e6172a6148f","1882.79991361","No"
"0x7a5abc16a7a0b5ac46f293769709407b3c04614e","191.68256405611","No"
"0x7a9755b682cc80957c6c9a0e2c473626361f1b9c","96.8565937916","No"
"0x7b97d53a2c83150d1ca50d9dc3be49ac60e66276","3823.81539877","No"
"0x7ba817294dda5568d5a2b5d51036cd279da5d3e2","3021.98816315","No"
"0x7bb510764de4bff0db6ccfcea8ef2edb6abefa0d","10","No"
"0x7bc7e8d5cf3fe3e1b3b60994cb91eb710f7dad02","2.20014195629864","No"
"0x7c1908d49266ba2999c41b07b0895c33821f53a9","5550.669","No"
"0x7c5cdaca00e3bf07bca714c064ae67b6a3540f7c","28.13833878","No"
"0x7cf5ae89b295c1ea9ee2cb0239826a811a88a21d","37.8461316600006","No"
"0x7d1f1faf1ec17128f58c8426ee8e813895a82315","111.32989129","No"
"0x7d85a8ec355fa9e469bee9fa14f48cf7b94153e2","28.1068187789004","No"
"0x7e10b3c747e7b58bdf41aaac390b0cf2cbefa4a2","477.01","No"
"0x7e11821c1f048532d7968bbfb5d0db4387f4dbc7","212.27233261","No"
"0x7ec4b066d74c750b7dcda67996ad92f3eb69a7f2","36.7409780199999","No"
"0x7eeedd333947284a3603887903e80340c3028d56","34.8503864799999","No"
"0x7ef84a8b9bb9839c2999ed79cff18317a64a67fd","6088","No"
"0x7f2e6c58ecf0fdb40f2a0064b1223070f2c928e2","83.0748464700001","No"
"0x7f30bf71e21de2a192946058e5ebe33b2866655b","69.5673041399998","No"
"0x7f887913a7486920a1d8a0204c0ba398c43a9927","1696.99988596","No"
"0x8049acc19aff566035659bc186b1907b182e44e6","1366.02442722","No"
"0x80f18c82224f4777bcf5612cbdbe5099db4ef07f","97.0922747835932","No"
"0x8105092ecce32737e024db0a569743eb3946702c","1442.77486846","No"
"0x8120562aa7e58f0fd9730245cd731a87c5475ef6","721.932918853271","No"
"0x81887b5dd87febe07dedd30444b8932acd1865c4","1094.28596256","No"
"0x819be3bca73c94530aa7d6bb4a907fd2893f7c02","1.74965278199977","No"
"0x81b50a6418d6a019a6dc2c071aac380b80fcb4f4","4372.50585205584","No"
"0x81b67f08eea61eb3dc543c70c188fc08c874a5e7","7364.7179","No"
"0x81c26966daf4d8c1cb5ca1c94b52da027951d5cb","2","No"
"0x81ff77507cbc282b5f8874002865e31415b6718b","1561.52791567","No"
"0x82aeceaf057155754cc1769a389b82fdea03daaa","20","No"
"0x82d22ae34b1872b6eb729dee820469b9d52ec479","54034.62540313","No"
"0x82e34e0f629e146c58391ed504d78b97ca5c1169","709.48411497","No"
"0x82ed4a3caa3a67f56fdbb225002e204d332457cf","64.77644173","No"
"0x838e13d262f9f99a1d853515d5fc92158a1546ec","5820.94752733","No"
"0x83b0b10524de787afaaa6445045fbbb4b5ba4d47","11102.51361088","No"
"0x83daa2ff9a83eef12f16dee62179cd5d0c94de15","1.78169996003091","No"
"0x845055f0e69d7718c59b8e1af7e9155de62524a6","4.0789675818","No"
"0x8470466436a5dcc21f73052fbc1ac52fb11c64df","3564.97307098","No"
"0x84718093f64b6918e8c2d8db6ce2763221fcb4cf","46.0080919800001","No"
"0x84748fa80ce1da71e1917c8eddba1435754619d9","58.8721921099998","No"
"0x84d3ae399ac9e4ef42960fd8300f6d6967fb1f31","11092.58565","No"
"0x84f994ad7469f300bd3ebdf4f0dc2f5561f92b25","171.6512","No"
"0x84fe9c5db416b978cc03f883a760be01703279a0","8456.117","No"
"0x85148f089da77b126aea252cbcf3d4ed78aa3727","2517.3632686","No"
"0x858676b1e4c9a24d4036b21cd1263a56a9e9bb73","2","No"
"0x85c4b9bf0564c5d97864bd8d0c286f8112171499","15.6555627010999","No"
"0x861689e2e1e0cd43c1344780f9a974386cc6260b","3328.51203584","No"
"0x86201cc1b6b98c1ecd86b8535c47aceea605a94e","10.2558673406035","No"
"0x865747828ad83f41059c9b31e968059e6b1e875b","5","No"
"0x866e1e60208d50d965bc9ea3f4b4dc3e82eb9c09","2067.85157510297","No"
"0x867555fcdd72d9483682095590a4d712ad0d1a57","9678.73030748","No"
"0x868f8786a4b748d674abd2c83bba8d3ef4ce3044","44.54212562","No"
"0x86ec769a1b9d3094ee52588826ada032b986126f","0.920750069999993","No"
"0x871fdbd25e7b8f0221ad9ab59b720d58dfddafd9","2596.98066824","No"
"0x87918fd9b1bef46515bcc277a6ba761a88e1c078","27.3516135099998","No"
"0x879ebbd66aee20f1f990fa62482fa794fb85441f","4335.96466805185","No"
"0x87d5fb7f22a17aa9a15575542d1c12159ef34f59","55.6585721893429","No"
"0x87e4a4d577bde9d7dbaa8b4b61892ba36da14c37","1372.49392234","No"
"0x881e435f9483806df3ad411e353398d395734f13","5718.7827487","No"
"0x88eae0d329f6498484aadb2478b88a831b770073","1893.97892299565","No"
"0x89eb2fdde776547e64e4270a73fe466b2f0ae4c6","2","No"
"0x8a16ff9fbd3ff312c41438829a2c34aae0d70c1b","9398.99991338","No"
"0x8a9f6099254946d87afbb95533230af6d4df4989","702.470044418252","No"
"0x8aa83ec93756d64887ffa401dd2ddc3c414b5652","3787.98139808","No"
"0x8af17cc0adb1559bf0151d7ae291ce6316c37612","51.455742781197","No"
"0x8b02eeced6468a15418608a7c4b0359f6eb8abad","316.57","No"
"0x8b0dc1e3766c27f9908b8091e4aa0e7836b703ed","47.2625642883","No"
"0x8ba012f16d75b6461fb0c7df134c1bbb473b1953","69.7180023058618","No"
"0x8ba447bbedde9f470d23f3f61657a8b86f34d6c6","23.75557","No"
"0x8bd2f9745d82a77765370ebbbe99f94851d401db","1012.37998442","No"
"0x8c4a1a914115c321b8b1368dab4acbdbeb18ef14","2","No"
"0x8c5ef2e109ca8c741ad1a6eb3c1e38f4af8e5a9e","1.8981559251","No"
"0x8c7e8bc414df233eb968e0ff4d9420b755f6ee24","7888.2405","No"
"0x8d06ffb1500343975571cc0240152c413d803778","45.5182484299999","No"
"0x8d07bb591eee86335ce67dc98e32004250bf74f5","75.2950027035995","No"
"0x8d173b42e98e8d3a80dd124d868d83a379740f53","0.37885708","No"
"0x8d3c0572bf6e7854121244cb9100f0f8a3c16a7a","1834","No"
"0x8d441c90ae4720f80ef9f867218d975fe284ce74","100","No"
"0x8d4866a7e6771db2e7a1ae0e12da2017665790b3","4669.6302","No"
"0x8dd81349822ac3293e46703df5b830ad72dd3336","59839.4749438","No"
"0x8de0d43c793f92a9c50af6294e15938b86d85f0c","11833.4151","No"
"0x8e3c1fe7c4b890e2aa96a3f6a5813e6de8e12fe9","27.806565748","No"
"0x8f18babb5bc036f4578c694574142a02939e76c8","542.664293723435","No"
"0x8f347f4ebbfb15d964d37942124007d419315ca3","100","No"
"0x8f7def5bede08f3ff8792b3a105bea2adac3ad40","62.0299999999993","No"
"0x90617d5e154cc8c9207c05ca77b207162787b672","22.9972451640001","No"
"0x9089fd6c7ad40f7b6d51ef29f675e45d8a965e75","2629","No"
"0x909f4f7b7ef4e81382d711c3a06bae124649e785","8661.15482922","No"
"0x90b8baca595f0c0a547f5b316559fa65a2226911","2063.25411857","No"
"0x90c0962ccc02934d8e85ad9b4eaa14545ea6ca9c","2000","No"
"0x90de14bc2710b7aa68867260bcbce21f800a8ab1","2264","No"
"0x9103f43bc07a41406c68233eac5248a7f1e617e3","1686.1368","No"
"0x911d8189c280d873d07967119e465b4295175874","1209.20604493","No"
"0x912b86fe4d355347107503e369f2054f4ee01904","1064.96148214","No"
"0x9185527ea29c3dd254dfb158087166851da71433","2.08020515431673","No"
"0x91fce2d793d778f94194a8561ccd20da2040abf0","999.99999616","No"
"0x92031a22b27d8a8ac84655bb99bc0903a29ff8f2","1339.98","No"
"0x9235edda7a84d917872a4278a5723ff2a34709db","0.829498190282316","No"
"0x92b2f8d70f799a819636f3f157c0d3c7920c5082","364.68773401","No"
"0x92c317dd14e53539c0a0fe51b8ccebba90ca5ea1","20","No"
"0x9309aea1274941828074b63192a5f642169e2019","35.9222000000004","No"
"0x934d8eff7c8737fcabbc4e65c724a0e370e84a60","66.58517771","No"
"0x93f25d5f7aa1ddd34a2d7c731fd328f9ffaea608","99.9978125","No"
"0x9441383af9d8cd79fb71c8bddba74391938c79f1","3001.22256673","No"
"0x9448a37e2a8054fdc157f2507e2a723e9b130bb2","195.667228509999","No"
"0x9465746647ed04544093f5c9ca304b2467e61eee","1070","No"
"0x94fcad6ac2de9fc37b3d1415757c762df6bb70c3","3000.02822533","No"
"0x958c0cfa3c45eb1e495f7679dcf7b81acb753919","11.697396199","No"
"0x95e77291709a3ed19fbe225ea6510b40d0c13407","715.777037995794","No"
"0x9608e7f7e1ef969d46a9d75caee78bc1b2cbf8d6","1293.08961225","No"
"0x96375acbd5732a0d037463ad4f597e138c278453","4063.50283507","No"
"0x9644d754df240da2f3cfd808daf8ce5ee79487b1","9.84104244632613","No"
"0x96ad71d6009304264e3edee78837039cd90dac49","54.4298496856","No"
"0x971ff8997af273e74209656ed3fcf91625acdf89","294.9575","No"
"0x980c390f78acb3ec5a2f439202a9dfc87752fa68","2015","No"
"0x984e3f15804ec830706c5d81b1350b6dfcf9be2f","7095.84636908","No"
"0x987eda61df561e2101a993b24e101ab921d8c813","2642.40607826","No"
"0x98b4914d16b6c20eeb507c3ed24c9575d767770a","39394.4727687","No"
"0x98f67d4c1f0ac864b37312844d4e63587ea6870a","15745.20722773","No"
"0x99203e40de5d2a15891c782a5fc96a976c44c273","4003.35744232","No"
"0x9941cd4cb01e4a7965f617a262ec3c1ce0a205e4","119.48999364","No"
"0x9945ecf5fde4d4de45c24bb5ddb373c2474d71b6","619.03844144994","No"
"0x9990c314a6a78fb9f038dc2fde43d506c9be30c6","22323.9659277962","No"
"0x9a31ec2df5d42aa0537ff845b01512112d94a7a4","1.70390767579077","No"
"0x9a6355634d2a6e46d308b034801d571a2153afbc","134.18390995","No"
"0x9ab54e06054125a544c288254d8bed1587435d23","3287.021","No"
"0x9b4deb01bae87d438b7d472b6bcfb1baab9da259","3","No"
"0x9b540bdb45f183438fe7aa5ca061f7e3f534282f","1.04869677329856","No"
"0x9b94af63d30ed1a7820c8a2df3072ecf06fe0cfe","1298.05536643","No"
"0x9c0bea10cbe980d59553d356e01eefec889adec3","66.3729895401947","No"
"0x9c14a88219f2e95eee274bab3743102d0337e8e5","11.6631266500008","No"
"0x9c80b33f4f3d250db37ff89bc424b6d65e300dea","50.3007816772","No"
"0x9c91f8ee7d452c401f882a247c397192b68f39fd","1522.48538631","No"
"0x9ca8029d9fb39f7913ad3b39769d9cb3b6deebbf","3413.54989036","No"
"0x9d0b527255385deceb41f57e1fae4b09ec40a9bd","105.46","No"
"0x9d0b84e257c7d16a5eeda1fe5a34abb5125ceca4","12.2999999999999","No"
"0x9d1b0ba5d58f327670d07ce3df71af3985470cdb","1308.95907388","No"
"0x9d723d710a9403d2ca515d7eb09b8fc5b033f302","9.9978125","No"
"0x9d9c36464bba5ba89dc36585e3902dbcffba0103","19.6865974858988","No"
"0x9db4ebadd43936792023818d1f24c854140fae0b","4434.76330922","No"
"0x9dc029c570bcb0b1130c7787f91737f8306a5632","4696.50941931","No"
"0x9dc40c6637e9d822bfe8b57c2c4b73f2033fef38","57.0064249544011","No"
"0x9dd46d10d9f708282515a8daf7454f6be027fe75","61.9426022801089","No"
"0x9e2db9ce7e82e49b5b6a850a3712566c395ff9c4","94.3623513699999","No"
"0x9e4086800c5d3d8543c57fc8ac13fac6125223b1","4000","No"
"0x9e976e4e827cfd696bbfd9be603068ecfff07eca","13.9462544802","No"
"0x9eeee8f8ba2e1697002ce45348b0452f0a41a8ea","5661.7088","No"
"0x9f8e290ef22f9c4d41a2eaafa11d384b8dc28c9a","0.399701790000021","No"
"0x9fd4e2b0392ae8eab47c5ebdfc916a834217ce02","25.624","No"
"0xa04f94bf6c6992a6dd0f768f7f57c3a630a8209d","123.937799272","No"
"0xa162e882a1a69b6fb3eb5a4efea4ccbea3d0784c","2047","No"
"0xa2929f53b9f2c7c2372666326a3d8ffa8dc8e212","9","No"
"0xa2b4c41451943e4aa8d668eb4643e587ace61209","31.5239203764853","No"
"0xa2ccbc6a1c5f99fa468e6e3d06fe6614f595fec8","199.99","No"
"0xa390506846547606522515ed9bd2864974cda476","6367.43268913","No"
"0xa3957e798289592b4aeaa8d2b8aaa0856a98e757","1325.99","No"
"0xa39806fe992a8f7277b6f721387e11c21bef01e5","1.5","No"
"0xa468489d3818a64f5ae4cada210ec06352e6745c","8586.134","No"
"0xa4d373bf2f022960ff1cb17c4d1570f5ea201689","1176.84282201","No"
"0xa5669aceed5bd273ee970bbb6dd3265bfd0e9a8a","1406.79102932","No"
"0xa5693c6c79fa19be805331a2adb6550140e18b65","41.3404773901","No"
"0xa56ffe7c2d079871d5ff632e4fa3782cde9d256a","290.14519495","No"
"0xa60e9173203bacc9ad494bfaa74993e4add83949","1329.49","No"
"0xa61e4c8b5f68a2b66903626be7afddf396636249","999.99999616","No"
"0xa681ba3a7a65fbf1c87d4ea9a1247894b2eed8e3","1.66299618907425","No"
"0xa68286f4f9dbcbce4afc55933f77c0ce563a4c81","505","No"
"0xa6c28f2c9dad9c6fa1ed58426a19a6e6ba7df617","36.3420000000011","No"
"0xa7562da25c745ef83ef7d295a12a59e911ef50d0","0.0161413292288886","No"
"0xa761922038189f2193ab43a85e935b33f858b5a3","3961.44","No"
"0xa7ae200af878ec8208d7ff87052fbf985a192baa","55.281830382097","No"
"0xa7bb79fdbb605099d69fe59fb67593b228118429","22.0799962599999","No"
"0xa7c39cde2d6ab21e86d8b297a909c5a436d2b907","3.09740112351796","No"
"0xa81ebbf718f5848146d10831a57772ec10416f60","1E-18","No"
"0xa8f66fac91bf969e8072701a326d4e19361956ec","23.96159512","No"
"0xa951cff8401564985cde02c98502d7b208c240b6","1314.19649124","No"
"0xa95366ef1d08280168bd859aac8d352a94b5e5d7","93.3496413696001","No"
"0xa95f7ff491c831ebae058a4f5c5d29c8d8e9ecc4","36.8943324027998","No"
"0xa979dcdf7089de183a24385a942f077e18768541","1248.58167926","No"
"0xa9ecea9fc447935df72b19ec74309c5fb81848e6","3.17709069299975","No"
"0xaa048988a2ecd9f21cdee13b168cf8f25297b7d5","2731.67210772","No"
"0xaa5cc5013b7d7a59a3cd385cb4c09e345e3c0fc5","1.16890559000006","No"
"0xaa75139c1014404f18723683eaec738d11a76fba","35.8467643676453","No"
"0xaab5197d41e3f112652b8a1a78147c0e610cc098","15.7199999999997","No"
"0xaacd1080fae6e1b1a8f42eaff31497474f7afcd4","11.6768854747739","No"
"0xab5cfa9c9dc40217413207191dfb45ec405f864e","4010.89861317","No"
"0xab99b37ee444217f7c0a7acf6bed2388c5c2f535","46738.24079","No"
"0xaba291e5112c850920453bfe666d85735e790686","63.3143846999992","No"
"0xabb04c68f16e15787f83f3830dfc83cf2bd6dff9","0.379996599999791","No"
"0xabbe8a8684ce64a7287d346db9aa4a568f8c1e88","1117.3","No"
"0xac80d63b61f145018201e88ab302f74a2f30d24a","0.810009749227505","No"
"0xacc3fcac365f2e16868c87a78b4723851f77522a","1189.06","No"
"0xad19cd88baae1395019d6bc12b021220d9382c65","2.99561538","No"
"0xad52dbb8f5ba1a0d87f3352c13575febaeda3103","26.588979808026","No"
"0xada2a97a579f75c4ca9cd1fc058718a8c761839f","5","No"
"0xadc6d34fe641f88a7bae212eec3c26cf0891bb68","2.38522941909495","No"
"0xae4b55edb9f4f8f4f5643810e3515c8f03b91323","29.8700000000003","No"
"0xae7536da3272e53107e4a827e2f025e074d6c835","20.7191","No"
"0xaea86c54fd8cf51d3e8ff2374fec8d0bd1746f66","2474.64408041","No"
"0xaeab522d0bc424ce116e3064c3c7711839f84444","1832.9","No"
"0xaec2d29222901c70f2916469d6b6148d7c7363ba","278.7517","No"
"0xaef48d3452a7044ff8d2e17a467e0d052da86319","2356.79688434","No"
"0xaf1077142dca8505cd1e71ffe3a4c002dfd069ee","1036.08733666","No"
"0xaf45cfe51bd6bf74f670e792c0a812ff11cd7141","3.943987809","No"
"0xaf9279c17d4bc74c36e445955566f0a37c5f1098","3123.24","No"
"0xb0792e55f266586960b5882903d22a6b2cc4741c","6899.60477400811","No"
"0xb07c002c22148cb7e877fdd011f79b5fad31ab91","1124.72843516","No"
"0xb081ba1a36feb3354b69259a2a34ffb4dbd01a6d","502.04192224","No"
"0xb0af3b1ca3e7f1899be27d7cfc1367c163162650","3033.43848215","No"
"0xb0caf06919abfd6590b73eff75636f98a442b625","106.2676126396","No"
"0xb0d497a6cff14e0a0079d5feff0c51c929f5fc8d","837.106318797","No"
"0xb0db3ec11a84e08e580cf465a954948266096809","20","No"
"0xb1072f76a1f87b38634a6dd86c3505210169ed35","3634.07440475439","No"
"0xb1339dc421b97aea19a173483c7ae9bb19dcc425","71.6400000000013","No"
"0xb18b98d1cb3b3b56647c6c8601317ba60b77f111","1195.13997242","No"
"0xb19243daff26f9ada2123ee8b7e82c97c32a905a","19645.6425616","No"
"0xb19a980631bc6072623c3f59f3152b9197d0565c","1008.11148141","No"
"0xb1acb436e30016a5a5bc66d6e187ec80b6249e90","60.3119999999999","No"
"0xb1d88a8156310e24efdf4e83f1192bfef92aa495","1.2380161601","No"
"0xb210d6cf2bfc742aca819dd41200d818e59b4827","40.89017714","No"
"0xb23afd370a8d9a579add3544feed2fc9a29ca12c","490.28831261","No"
"0xb28ec64c3268225dc50cf5a0038396def7b3c5d5","7860.12664913","No"
"0xb2cf1c8ceab92e690a1be28d822a1751b4a7d286","10250.92671911","No"
"0xb366f21e32c837987f9767f417785b0aa1d1acf9","1000.0795","No"
"0xb42bc6f424d36abc49fa103489d440ebf87c85bd","293.57792148","No"
"0xb44e5fbf3a1ce9b10b9d4d46deeb52e222f34d21","999.99999616","No"
"0xb47a1f2fef94467b2b4b437ef872e872fd99f0ce","81.65084487","No"
"0xb49ac528f553233e26a193c26cbac0fe786fede8","450.5","No"
"0xb53cfbb40b21e84ea40fe4b29b805fe37c0e4ca9","10.2747387334562","No"
"0xb57448e48820e255baffa2edebc7e3ac4487be86","3.00000000000026","No"
"0xb5998af13228639472a76f11092a5734e5f60ab4","18.2375377662005","No"
"0xb5b3398c4ff400b066d75e1e7843d30d5623b51a","1599.47810244","No"
"0xb64fbeef6b52207a4648308c56b84432b16e9b0f","0.878003865680578","No"
"0xb6fa231eec5147f9a4f6609bfc90ad498428ab1e","2084.99998442","No"
"0xb6fec272e48d4aefaf4dd50286bcbd093cb5bf58","2016","No"
"0xb7040655bcdb0b88a95e110e6cdc7c00e98efc13","33289.04481368","No"
"0xb705ac727efbb946a34efe9993b4ca03a6a3e346","101","No"
"0xb752886c26ebdd56f16197f7b4d964df55381f78","53.3480186289001","No"
"0xb770545907ef980c78acaae2e43d7e2a767ef576","0.268561","No"
"0xb7d83b43294b27ac1b4cb36ddffd2804949c2eee","829.643381280975","No"
"0xb7f7fe4f5eed17ccd81da212afe27e87d0d87531","90.5634367599998","No"
"0xb896683a5e062f95d1cb84b87402aa7d3b670d40","0.0738467055006349","No"
"0xb897a2725773cbe9c817c936341391ff218af7c8","22.8354177899996","No"
"0xb8b7269883a467cd69b3a1ae8e6ae19de881b375","3530.39998442","No"
"0xb8fcbd36a047c872004130b39ef9e49b338af470","499.27836438","No"
"0xb937663365b11f43be25a06362e155723e452d91","17012.49575895","No"
"0xb9e25f8e9c53b43954b7624ef61d06e4e2a74c7d","1132.95036206","No"
"0xba31660af4224699813c76ca7c7f6d7bc39fd83f","29.689364284","No"
"0xbb02b410faf656d316260fe78ed1d8fc5759ac08","50.4745199999999","No"
"0xbb562a00c922ef3662511f446587124aceb6bdd7","8638.7395","No"
"0xbbe762c240711b8596cf2739e186df0ed2a8fefe","80.1777232834002","No"
"0xbbf71999b2d6992f0782c672e10ae91a59fc8411","2253.8","No"
"0xbc6c33cf5f50d251449f84adbe9b08ebb53a15eb","54000.033698479","No"
"0xbcba00e17f8e1b993c99269be5745c619b37e089","134.69867972","No"
"0xbd5c729147401e93a5efa73f62e2791d1074f966","76.5990470194999","No"
"0xbdfafbf21f42556a051521df3bb5aa807f4f5e5a","2562.91990436","No"
"0xbe18360a3c5088996a80372e018eebd1454e0c84","49.7080747908","No"
"0xbecf0412831a7b663b9823cf37a36ebab77f0712","13.2967498936199","No"
"0xbf03e02ab4b189821bf782e8ab42492eb62af6d2","26735.94986052","No"
"0xbf38984c941d4b3c93bfb1b03bc988085009184c","0.706641182695796","No"
"0xc0507b3a35917146873363911540ca5eca600256","23878.0171192239","No"
"0xc06dd2b245e52e43765adb1c77d9d097aa0d96ce","705.375471729767","No"
"0xc0adb789e450134d88005a13a36cb6a09aa91e01","500.57","No"
"0xc0da8cbb480607ea920c278ce265eca4c1481e4e","12.1636424499992","No"
"0xc1098d3cb79fdf686f8e520b7449ba57b14d4e33","102.239568137601","No"
"0xc110477f95354fd0cddc56e3fda9b5e8dd55ff01","8.72","No"
"0xc1a10b47d145a7cb85a5cfe34b7520a63affd810","111.850158412566","No"
"0xc1af89f390a1699951391e60483a7b661f4b1ce3","91.4099017408999","No"
"0xc29bbe4c7a875e113f641e66823315e5cb61d0f2","1E-18","No"
"0xc2f642bf2e2552f8c1252a79708858b9f2c41990","7.48876685","No"
"0xc32d8baf52aafd0e6f543e3aa51dffebf36f333c","0.358955270000083","No"
"0xc35d490784663d581dc96c7816552d0cfc336945","6.7125129520791","No"
"0xc36ad8134f82be20f7b7b4e03ab854c3e1a3f153","83.4477821500001","No"
"0xc37a54663361c8ce845801612a013c6fbf6c8424","71.7251564199999","No"
"0xc44719bce169aba49c080342c2c9dc1ffd4d5f12","1","No"
"0xc45914c9507316794e4efe167c5c3de6f1ffb999","173.764127628199","No"
"0xc49d797f3db695d33029623074c451cd037d5a2c","64.5773380099999","No"
"0xc4a4e53354f7ddba83ce01ed55c558242163e1aa","593.69599724","No"
"0xc4d6bedbf146dd98d8e09623a2eade42e7efedc8","150.057299251499","No"
"0xc4dea06d3ff8e1c8fd0d8a364eaa62371777680d","189.8980104","No"
"0xc50e6a0e7dee5191e6b268105c6dfa075e92f920","5.33402590214481","No"
"0xc62784d930c37c7fe323a452d4cd56c28b010efa","5","No"
"0xc632be7d92c3643c3f5222ff7886e834b33b8e00","7.62262789761686","No"
"0xc63a23f780794e61628614f17b9394eee069553e","1335.34562525","No"
"0xc64552e1a5550661c93bba6553455c2ff8e66e39","1636.20256218","No"
"0xc6799bc32d2fc19dabd2697f0dc84ee192251b54","10.161500621252","No"
"0xc6ac5333e3915a5fb153c5be6525575a29318893","1299.34","No"
"0xc6d4b03432293f14a7971530910634e817f487b6","3708.58568055","No"
"0xc746aff344d115b94efc8f237e235ec09671f227","16082.94395318","No"
"0xc76c60d67b08186cdf752187370505a3bb096d6e","1.64529561200155","No"
"0xc7a79767f60f1d01bddbcc3bbe1b3c64b9b4eb06","1.75878772720893","No"
"0xc7c8e0c7634ea82567f364ff679ee930121cb99d","1248.64365077","No"
"0xc8418ae3134d8a9bb0d37953874b73df87d14c79","2494.4491459108","No"
"0xc876042ec76c3f58403a0b09de9cf42eb7a9b7ee","1241.78996797","No"
"0xc8803f633860adf439842ef6a2b883bf218dd344","6068.85953058","No"
"0xc89acfdce2ef0fac8008cb126c522e224dc747aa","1484.92389779","No"
"0xc8bec652e8b3942dbc65e8866b305b939460cfd3","21225.99429688","No"
"0xc8cd13378c852ee7a6e4ebeb73d62a912b331447","1295.89856643","No"
"0xc91b7799cea84dda9e79110b7e25740debcca014","77.3791391143068","No"
"0xc91c1dc689de25e355e93a5f8d4c479f1de30e28","9999","No"
"0xc9efc68402d4df808421f41552112437dc904aa0","1527.61978314","No"
"0xca2a1ba2015ca34f1d6d41cb6eb83fb7d4ff811f","91.36822","No"
"0xca4b213ed32f53920fef39adf37a95563c642aaa","1338","No"
"0xcb07f9525ecc5f69551886cdc16248a685661eb6","4.15753221817376","No"
"0xcbce2fb7c6b523500897c6aa116ff23cbc6a3665","10","No"
"0xccd954997efd2531a15f1ba141f643befec20815","11449.44367394","No"
"0xcd76e1f481ea4fadcad718643401954dd44c4c24","3264.88289006","No"
"0xcd890c4417de0f04b5827215e1bfe6171bcf45ad","25275.9643182461","No"
"0xcda0f3d270f664dd948124544d862683599fce7c","8545.85984316","No"
"0xce509664b1eb8a65eeccb39ae9fe4ba718cf5fad","1.1","No"
"0xce50dbe5e4f85b1239bee7db48ccfdacb7636f66","6671.64099026","No"
"0xceb1443e8336c3eb483390010e410f7ea817b7ff","1350.00258836","No"
"0xced9367bc6bafe1079c80c428acef0d39cf5076d","90","No"
"0xceea596dc8b18d726daa2039c0bad4632685d3b0","31.3599844200001","No"
"0xcf3f785cae7a34a0d2c38dd823d388a79f90dd20","40.893394905","No"
"0xcf52672189a5abf4aee4be79c9bb1468e98818f5","909.269797750902","No"
"0xcf77def5d6c56ffcc1fad83743eef48e396e8351","17.2376097700006","No"
"0xcfe654e7ae18d078f2a44b3afb318af4725f4c0d","1370.94531556","No"
"0xd016faa9a1574dff57266740c2d6af238cf6f118","8454.78485622","No"
"0xd01e51e71bcacba8b77d31a288d554b812705e7e","3127.64581502","No"
"0xd0b8e7c6b84364ecf2b90f41800339e35ec5bab3","543.69426518","No"
"0xd1220005061ed0cbbc8070ff4ab6e56924a0fe53","63.3908574699997","No"
"0xd1305381069485f70295ad36190cce28d8ba3c6a","104.81674319","No"
"0xd1324f32043fc0984402e64f835751f6025b2e15","6.15855040426463","No"
"0xd14ca9c3b078c1cf4b50f59061a06f6b5ee99f8d","2243.18919668","No"
"0xd1e66cfc742fad42eab55e5bf8e8f18c31c5ac5a","18936.32296275","No"
"0xd1f370ba1ea5fccde1530b3756733f874979e3e9","1683.02407277","No"
"0xd26143f796c0c29bc1cd24600aea70b5ab195410","8348.22524199","No"
"0xd2b1c800a36177d829462e0db219fe8ab5b0fbbe","2702.33329414","No"
"0xd2e91f44f0c0cf60126022354a032d2aaa41f337","925.27611385","No"
"0xd3ac4b08af8341a41c0c0c63cb4f13b89b50e588","4.037556784","No"
"0xd3b815f701291a1ef6b820c8a8291ac2dcad891d","508.6503232","No"
"0xd4188e5d5c8c2a312ae1a4fb77d9d2850d52a80a","10813.62601816","No"
"0xd4196d26a6f687c83d19b55bcbbf987ee812490c","9865.2032","No"
"0xd430060534858b9d05e3ab822a541321ac8068c1","5.6719000700002","No"
"0xd46cf383aaf2bfd7c6b516e0dcfa7cebbcc6f54f","66.2986987748003","No"
"0xd493964e1b0cb36f7cbd1d962d68745ced8b7db0","154.6725688097","No"
"0xd4d17ca889f23f4878ee5b977f01f8fccf558295","2483.78373606","No"
"0xd5131035f24e5b92e77e6e6fec55bf2b058b50fb","21460.92815206","No"
"0xd52aa35f4f307fceb2c9631b6dd30b64b0475b2e","14.5379614199999","No"
"0xd52e108192983b775017c75aaec8f21a00e65c8f","9043.05484511","No"
"0xd553aa4046f6c731c54d9030dda3db30b08e4a60","25","No"
"0xd55fef3597f4226ba00ea8342cbb5c5f0247bb10","6E-18","No"
"0xd5abc2bc28cc05e869933fce17552af7dda1dfe0","5650.57943787","No"
"0xd621b9fa368b36727df9e44e8e1bdc32e7727e86","28.8014794700001","No"
"0xd65a9299104f7b7f128463d3d0e2349916299f01","60.6999999999996","No"
"0xd6850ed981df11c6d0c0cb826741d73ac9be6be6","32","No"
"0xd68cdb34a7cda23ed293619f94a73c69621facf4","2.49849128","No"
"0xd69eacecdfd14880eece084cd7e02006c51a1ad2","6131.57761703","No"
"0xd6ab2763b4d3930185f54f009acffdfb7bdc8946","66","No"
"0xd6c7bc9f6db973657ed485a09e61d8a7d28d68c9","43.1987269999999","No"
"0xd6ca1280048f08ccf34fe3d72719a2981be22a39","13.0435242686954","No"
"0xd719f0c7e1ee435037b7f27f5992ff0597d7ef24","1091.34336","No"
"0xd735b2c6d1043fcffcd63cb2fde8ece25af71abf","14.8491200999999","No"
"0xd739d60d318ca3839fa96486c9a4aae1c289f2c2","26.6983381999999","No"
"0xd773313032732b0e822de0d02b19116c0c158128","1.57946","No"
"0xd7ae99735a4b542d7552a5b63f8796cb426bf41e","5159.33106464438","No"
"0xd7af33f24662945eeebe3bf9fcf4499cde516067","38401.82052966","No"
"0xd823c1e08eb7387d72510749f77f00916feb4012","25878.49774676","No"
"0xd84c7249af903d2e7f6ae66626f97f09f8bcb59f","113866.8064","No"
"0xd8609019e36ab21ad8b1732ef74e6eb65255e75b","1606.50656643","No"
"0xd88e3c23e9f71fcf2ee21a7438d34cc3a8ee6d04","246.019484885185","No"
"0xd8da04ba6c22fe955ef9d60b5ab681196c57229c","21.55513093","No"
"0xd8f83c7522c6f6cc99f2105db2b3e1771861c028","0.00361398167777859","No"
"0xd903ea23386e6f7eec916b3d1341a949450232da","12.2808724740484","No"
"0xd94b5e8eb187d0cffc1917beb87c0a627d943170","4490.83975205","No"
"0xd94dded3f37416f994d72fb28443e000acb4a18a","7.25007988529993","No"
"0xd96e196fda19d96f28874a5b1da25cb8035263c0","999.99999808","No"
"0xd9baaf4ee28abe3d0b673db4605426a18819ffac","17.79766428","No"
"0xd9cb618e01e366a34c1ce89678f70753041767df","182.447570411254","No"
"0xd9ceda61d634fc5190413bc96866632491f1a934","1.5","No"
"0xd9e8c881c94edd8481928d1fa2c332b44545bd26","87070.14514412","No"
"0xda3293bfe6a6d5d8c59f90896cd530253f230976","29.6399451100001","No"
"0xda7e02ed41f9169a15a492e80bdb19cd2227d467","1E-18","No"
"0xda938ac4e344d5072a17aafd78ca7b384d7dcbc3","172.07985837","No"
"0xdb2ec645dc730ca940c15be941c805423e63d66c","1000.0416","No"
"0xdb35791c55ac849263e1f7fdab1b1320fb74dba3","12.30285509","No"
"0xdb76a0ee28af0a87117fa70331c5e1143a29e1e2","1000","No"
"0xdbee9bb8e9888cf61ab27c10b76e03056bd68934","1068.24775564","No"
"0xdbf773429cb3a2f6de02a52d09c7c86f9d81a3ac","6743","No"
"0xdbfebd7053b96edeb8cc5214881c6f267f3cef22","1.71081569999965","No"
"0xdc2497052916cd735ab04db647a785879f8a8b92","101.08297619","No"
"0xdc4377b94f46b1538450a9baae3d79caf720a34e","47.8226357249986","No"
"0xdc7a31696f9587f864eb7cc6202d276dd3cb95c2","37442.3683942165","No"
"0xdc7fce029ba7546c56abc83349205e72c42fb338","6061.78810256","No"
"0xdcd24208e0fd4b71365b5792355648762c0cea63","1051.662089","No"
"0xdce1ebd74d922f61dbce41a9b77f236317750eaa","5894.44322669484","No"
"0xdd0ccd93957adaf870bb6ca2c221b123b1df007a","1445.89973446077","No"
"0xddbb07d40226c843c8a0e0a8ae50247b28a362d2","2999.9999932","No"
"0xdddd3ddb5b6507aba2e950789c611e24b3e09939","14.1234660820679","No"
"0xde078c11e0885fb28057436a4ab751189c1b3416","96.3613223254732","No"
"0xde22e7ee1c72eeb404df958fa9f96d2bb0eca84e","1.23987987599999","No"
"0xde63c0d0f1eff370ec982185e77d35ca340019b3","265.375504881026","No"
"0xde717d14a2ae500815b97d8220b35316abceebaf","54.4059999999999","No"
"0xde73fc41be152fe142ff93ab8f01e026a94dc41c","199.564262352131","No"
"0xded0c225e62e33c67551d42c0c9c654e7fcb3af9","77.2291912099999","No"
"0xdf18a1fba13d9b19a8e18f6f51baa29a787f177a","13.59259073","No"
"0xe020fc81b9825bb88742adb883c9b3e0fe36e069","74.52884731","No"
"0xe044a8679a107cd88b38465d8c62bc5aa261024a","5149.1968973","No"
"0xe047ca4c377d14d48bad83823f3ee372b405fef2","4348.44067531","No"
"0xe0784dba6c27c96026e223b32ed4a0ffa094f4ef","3791.06560321","No"
"0xe149d7c7062879f8974289a005bb33da21422bae","4307.1836336","No"
"0xe17b3e5bf616a17026d2a9ea8283ec75df2be093","122.17521158","No"
"0xe1b48635a85c8858f667c906f0073c7fe6068e71","4E-18","No"
"0xe1d3180c079d21681b317427ef972371514f8330","2017.4","No"
"0xe1e3a8642fb9df22edc60c2f26f36e9afc9002b7","85.16625558","No"
"0xe1f5ff58714725bb8265b66ff6f3b8018b3e776f","1588.908","No"
"0xe218d824a8604ee00356308dff2550a195572b44","24.3299999999989","No"
"0xe25dd73ee7309c5ed9c173a767769d0d4eddb99b","1251.026","No"
"0xe2b0e33f7c2a6b1c7ffb2a432125e61293aad539","910.4518990509","No"
"0xe2ef0600566d475106c5c79b1a52372afff56855","16541.3155","No"
"0xe2ff9c9c78e289ab0447672da8525f30f54838db","1298.05536643","No"
"0xe31b726329d186f0229f8503952e8cb012e2025a","590.37","No"
"0xe3359588c69b5e101b61d69db7398f319e37c656","2750.41646560137","No"
"0xe371a36a3d69027e81bd5e8a46fbeb6745ab0672","9.78084135554207","No"
"0xe40ba09a025d0970ee0df3cec168f5228af329e4","1149.93566536316","No"
"0xe4df2be85cbeb575651c005c9b05443acea6ffdf","2","No"
"0xe4ed7bfdb980a52b75ca5e5bd23c5fedf72d9893","1777","No"
"0xe570293d339caa38b3cf09dbcd1ef4638913f7cd","24881.494","No"
"0xe64844eb779d6f577bd392bc0c854b14ef6a8609","17.4599612410007","No"
"0xe7a4beead963150a97e74f4c00939962fb563a41","28.0655853304995","No"
"0xe7e12b3a4d37659b5abe23cf4a98b12e11a8c7eb","17.3978596400022","No"
"0xe8128ce05a732a3fcd69f970d298197580e7d41d","1211.11119392","No"
"0xe822af7a54f70dde43e1af919feb99b144c37eff","82.3719659086","No"
"0xe8b46e56bbd430e3cfa43a0b5dd67affe9647fcd","41.8303945418","No"
"0xe8cb8a6ed56befb72986ea1ab1f1f3922065b467","56.4120282950059","No"
"0xe90922d8d30a3ee0a21742443810b0d7eed7b09b","3055.4","No"
"0xe9225926059a7d760990c653ac7b5c1645d8fbf4","18.1370573656227","No"
"0xe95fc58ae4aa2ace85da7c75df7ca6cb2d471098","2445.35509363","No"
"0xe97010166c434d19e262492f4944d5c36bf41397","192.331542392634","No"
"0xe972e34eff5b1c3d6fe07e13dac3e482e70a3e9d","21.55476165","No"
"0xe980b6d70a4ec6292dd6c405735d9c9054cdfced","11.826464592","No"
"0xe9d0cca1de5440148f6a2d901ed47f7f20fb37d5","7.11746427414958","No"
"0xe9eb178b5cee86f546c9df798fc19e97fd70b024","33.3001379258024","No"
"0xe9ed918a03fbb1426c85e06a28d2383ab7abcc52","35.5860933044","No"
"0xea10599521e7bc519d06faa1582ecd81119fb22f","17.7331552699999","No"
"0xea4be76097926978897bd1ab2f08fd78d44b6074","1224.26534923","No"
"0xea5f02a4fe5d90f895ac729aac554b9ce3f5123b","2035.4098859","No"
"0xea64a51f142053141a739a442bfe323e40391e26","36.3918392419999","No"
"0xea703e63ba6c9b5224969d6483327b8e65af76cc","5","No"
"0xeaa3ee96af1edd0b48f94fa7cb1907734d1e6ec1","3137.11524433","No"
"0xead15841dbf4f7e96e23cbe08f34cd88a878f6ca","82.8433103445434","No"
"0xeb2aef784a54d36591eeba34471257702cc5c742","0.00098659999956992","No"
"0xeb6d832ad29b28fa6b976a547ba0b73e5e300dde","10","No"
"0xeb75a744a1a148c7a2f1c4f197c0701ea79c3784","105","No"
"0xeb76fc5e0307dc652589afce92de88394e45b8ec","9.95229042","No"
"0xeb8612520f9be79cb14af1f480d5df112242e267","62.696376280001","No"
"0xebdfaff1c170f5aff36d485ba5fdac03a34b0e8c","68.8850825","No"
"0xebe4ea868a54d971913ec2803623ea75b7e9b74e","1261.34976495","No"
"0xec5ae6525de198c8fa587a9582e4aaded4678014","1141.92645959","No"
"0xec68e8037ae8c78f4505130567241521370f71f1","594.8016308","No"
"0xec7198948feed4e0dca4a156f4fd048aeeb60e63","6280.19046559","No"
"0xecac21fb0779060e2ef7b8e3f7ccdaab2fa39ad7","1220.6081594","No"
"0xecf9f5c23f8e395ac5f7516622197143f07fe585","3854.7137807","No"
"0xed2dbd955ea0d615a81deda53336e351a2a59dcb","2015.05","No"
"0xed3b342cecb6aa3d5513461222a5c712730edce1","4372.29194326","No"
"0xed531ef9ad122a11c6c619c790c22c62a211d5da","3072.05981690713","No"
"0xed707ecd375c6725e7690de138d9278105b22ad5","1155.05356439","No"
"0xed736aaa9c80db6c30bd69947446450ea0cfc6aa","8025.884","No"
"0xed971dca3d893aaa254606ee77883070a8ddbb32","94961.5965556585","No"
"0xedd041bea69a715d8f135edb5434e6ec54a49dde","11336.24800506","No"
"0xee00bc0752ade69551c9c42f8bb5951d7c39b00f","1355.3067678","No"
"0xee17d6a0cb8bcbd0affa5939f88ca4d318710281","5868.57473103","No"
"0xee5455abfc727c6d20f925671723fd31cf883918","1200.31490397","No"
"0xee61b623ed840ddadd2c2cdc975604ab404f7ee1","2074.10466186","No"
"0xeedd99b0b1b89f3dabb1fa3957aced73883e95cc","7.48368936059974","No"
"0xef6280b80f5b4b0002237c8b723e2387dc015ff1","1659.15549521","No"
"0xef7d4bda3334cf2b9fa18c67bc12420887d53a88","35.3786649200002","No"
"0xef9d313bf4c7d3846e043584bae33ea587ebc192","0.0598754587101784","No"
"0xefb5e4000c7d43e97156c0ae0cfad5fb159d3aa3","81.85144504","No"
"0xefcd998597d31d09bd9b368a4f2b8599b8168509","11823.63417448","No"
"0xf04510727b019f8b06244a4a5912f4c1e01063f5","64.5369236066928","No"
"0xf04b54519279ef891d6988e8e7e9acdef0910136","5.91999774","No"
"0xf0767521bd5fc22625ca4ddd5c557a9058ab4970","26","No"
"0xf0825b15cc53157afa5da0faf7159789d742a7fd","125.1523135484","No"
"0xf0ac51985992a17d5ce4c889704d646ce08c527d","5270","No"
"0xf0b6f23eadf9df237b75f2fdd9e25653a7858dd7","115.0298916911","No"
"0xf10eeaf99e7a8a4c61974972fca4b6068b484ddf","3.19990000000015","No"
"0xf16940ee240541ed94a03a8fce8e18f8411a9fa2","2503.24844365","No"
"0xf1958255f8118d7d97b42d898f836c5cba51639c","1031.76391364","No"
"0xf21cb363b6a118ff9f63e721214d76feecebb5c1","2535.39214526","No"
"0xf22402dff34cddb791bc939a3bb7329383a11e2d","0.186825450512188","No"
"0xf2296c416324d43663358cce8f01b799d8329bf9","15","No"
"0xf2f03fa41d51361c312357d1bed8d5a14b262776","25958.12524","No"
"0xf2f692c5210aed909aae894f203b1640f39868ee","13617.02714524","No"
"0xf3315085ff0605103d31ca1a538effc0b68d67d4","3200","No"
"0xf345087039b77b6ba01c5f79f4dab28eed4d523d","1288.34976495","No"
"0xf35d5e015e3b85d462457bc37a741b0745a07244","68.0583223902624","No"
"0xf36f6764c73d7b6f91649c3d6f9cc002d985e438","11623.18544726","No"
"0xf3cb3c2e27b34b39eb351e25c3ef5795ac6ca742","1204.05355664","No"
"0xf417cbc022074463c1237f863a6bb47ab475e573","807.24639774","No"
"0xf45ff3b9f485449e831c79a337dbea8e1d86be2a","21086.4274","No"
"0xf4b126cd5ca8ff8e195924fade90c703826866cf","80.2939983615441","No"
"0xf4e5973ef2e78ad4a86c2f2374bd39b601c8073b","12237.07072593","No"
"0xf4fe4f1f59bfb2757c2e96f048a675e15a9d7b06","57.0387905811296","No"
"0xf5740470580770c823881fc257605e6f7468e745","81.24327992","No"
"0xf5755a559060fac23628ecd0012531dfe908dc89","29.03877219","No"
"0xf596f9420234ad8ad4486518113680fbf4054420","100.288116172285","No"
"0xf6c6b39d076b26eaa0da9072e7b7c2d91ab28e92","90.8017910058603","No"
"0xf6cb72cfaf73f9886bb01dbb32dabae49428efc5","20.61604529","No"
"0xf6e9d92ec6973b52aa724f8a9321933138ca62f2","24.6402938903629","No"
"0xf717686591fab9ce97caf3a655e986228390ceeb","66.60166205","No"
"0xf77a9cde32f125c0fac0876e8fb3d82c928f9269","14.4041956215699","No"
"0xf7cf3e168d873956869c58406dc282075d3d504a","3155.03346","No"
"0xf81e22aed9d46a1f3d00ccc88a5b1896b28f0a31","30","No"
"0xf848299ca79b35735e67d580c0c58b402cee332d","1596.001","No"
"0xf88afceb4aea31db11aa94b9ec4e9738efd13dfb","48.6348749530976","No"
"0xf8b44e381a91eff14d52ea0851fca3a9e73c9b9d","88.5106650190152","No"
"0xf9a61dbe308a30fa5a501ab0fd77fb58ae9dc49c","1000","No"
"0xf9b0c8521ff54effade4e1744fac703bcefc7807","6840.6501642","No"
"0xf9ef1f87ac08e4d8a0c01695ec60390241ae8806","3988.10982484","No"
"0xf9ff1b0b18de55184872ae0a7189eda49acafe13","0.43503543","No"
"0xf9ff5ca8b7dd82f1c790489a3a39bb61ba5e7dac","18.1371104409747","No"
"0xfa0c47c6d6794cf275a15f2821003bd07acfb619","3551.07350614","No"
"0xfa46b708c33f9b6a4322760d522b0f86e05b6ee1","18112.3834740581","No"
"0xfa71fbd66da8256ca66c085b9475ba4b61d7375d","25.983804084735","No"
"0xfa7576b050cc7c5bd6221424fab3ee42f9e10bb5","14.78","No"
"0xfa8e06cc8c77dfdd93f268c1ca297ddd680178ae","797.046528825156","No"
"0xfab2bebed7fe94e5c70e22304b84a4e1d87da567","39.7569774090496","No"
"0xfaf4e1c0db863addafba66b73ecd0b872567480e","26.4515578000017","No"
"0xfafb66028a3cd56624580c4503520f850c780ad8","67.170828806026","No"
"0xfb2447a74132f99267e8c5c04c0a8b4c14753e5a","13.2289001490314","No"
"0xfb3f141e7a8b450157dfcb629ec3100f8bf00ed2","2","No"
"0xfb4290800a6c8b7c81df4fcd8679029b13f70d43","5.99998955999986","No"
"0xfba7d60134a46a26dc2e9ac1bdbd8f57e250f10e","7888.12345678","No"
"0xfbb0e0682eeaae2aeef002e68ce8ee6a75647137","36451.49081716","No"
"0xfbc60f0f0f42a9cd5c99069a4164a233bd1c1829","187.001381337541","No"
"0xfbdd659e8b22842763cf984bdf3187b67efd6d2b","86.9751088600003","No"
"0xfc0eda13d28ee5fc6c7955a6bb4e49e6672ae316","5.60960815625257","No"
"0xfc11f5307566d0c9f9a567c5d8701eab63ec6215","55","No"
"0xfcb2a2efd6f1aa65bcc255078c9c6d9b3e200252","88.9608153472","No"
"0xfcc9eea0b1a76b2eaa68faad50e704b79d252d9c","1852.41667465","No"
"0xfd1907f0bbf559c15e0a34f2bc7334ae7825a314","592.154280740584","No"
"0xfd2db685f285179e1153ddd03ea6a21a03087d92","8681.9673","No"
"0xfd65a43c86ecd06783ae65f3c6a65f12cc39503d","5033.83486675","No"
"0xfdc93f497e05dfa44e337425dc09a9f11d380bfd","432.288872","No"
"0xfe91b0e261a2c3245018772291edc8227928cc33","3.9967328037","No"
"0xff118ce9d0b5d61c7b7b8cc584f8e3e364829106","0.793767886303442","No"
"0xff7d298ba0750d60c4eba5b3e264ed8aba50e1e5","18.5450814636003","No"
"0xfff4e907bd16b70bf7ac6c342e8e431763a181aa","1054.22","No"
